2018-09-16 23:53:50,"b'\xe2\x80\x9cVakil Mosque.\xe2\x80\x9d Shiraz, Iran 09/16/18. So beautiful, so magnificent &amp; detailed. Built long long ago, under the Pers\xe2\x80\xa6 https://t.co/3kSNudgEvP'",GUAVA,guavazsaleh,paradise forever,0,1
2018-09-16 20:22:50,"b'RT @PersianRose1: The Pink [Floyd] mosque, #Shiraz- #Iran. @pinkfloyd https://t.co/4FAUVMR94p'",Michael Taggatz,Sun_Wuk0ng,"Oranienburg, Deutschland",15,0
2018-09-16 19:43:25,"b'Newly released @LCBO:\nBlack Ops #Shiraz/Saperavi/Nero d\'Avola 2015 @hughhamiltonwines\n""Full-bodied in every respect\xe2\x80\xa6 https://t.co/zixo0OWVqD'",Vinexx Wine Agency,Vinexxpert,"Hamilton, Ontario",0,0
2018-09-16 18:35:48,b'Spectacular #shiraz from @twohandswines #wine #steak #foodie #food #foodporn #steaknight #syrah #cornwall #barossa\xe2\x80\xa6 https://t.co/z7WM98UxPY',delcrookes,hairydel,"Bodmin, England",0,1
2018-09-16 18:24:28,b'Be on the lookout for our Running Duck No Sulphur Added Shiraz! It has a rich dark colour with a nose of floral spi\xe2\x80\xa6 https://t.co/HCLZqSJaJ0',Stellar OrganicWines,StellarOrganic,"Western Cape, South Africa",0,2
2018-09-16 18:20:42,"b'RT @Maryam_Rajavi: The Iranian people\xe2\x80\x99s nationwide uprising is growing by the day. Hail to the peoples of #Isfahan, Gohardasht of #Karaj, a\xe2\x80\xa6'",Mary Azadi,maryazadi213,,392,0
2018-09-16 18:20:25,"b'RT @Maryam_Rajavi: Hail to the arisen people of #Tehran, #Isfahan, #Shiraz, #Mashhad, #Karaj, Shahin Shahr, #Najafabad, #Ahvaz, #Arak, and\xe2\x80\xa6'",Mary Azadi,maryazadi213,,451,0
2018-09-16 18:19:46,"b'RT @Maryam_Rajavi: Hail to arisen people &amp; youth in #Tehran, #Karaj, #Ghadarijan, #Qom, #Shiraz &amp; other cities who chanted \xe2\x80\x9cdeath to dictat\xe2\x80\xa6'",Mary Azadi,maryazadi213,,697,0
2018-09-16 18:10:21,"b""Never let it be said that @Rhys_Davies_55k doesn't know a good #shiraz when he sees one. https://t.co/3ubIMHVGda""",Claire,clairegowson,"Manchester, England",0,1
2018-09-16 17:04:42,"b'\xe2\x80\x9cIs there another glass worth in that bottle?...\xe2\x80\x9d \xe2\x80\x9cYeeeeeah, I reckon so!\xe2\x80\x9d I was RIGHT! \n#everylastdrop #shiraz\xe2\x80\xa6 https://t.co/UKahbIbus0'",Tracy Reeve,TracyAMEFReeve,North Yorkshire ,0,0
2018-09-16 16:56:53,"b'RT @LordsWines: It is the last day of #capewine2018! If you are attending the Cape Wine show, swing your bat at our stall, our wines will g\xe2\x80\xa6'",RobertsonWineValley,RobertsonWineV,Robertson,3,0
2018-09-16 16:55:55,b'RT @LordsWines: A very busy day for Lords at #CapeWine2018 \n_\n#lords #lordswines #mcgregor #capewine2018 #capetown #mcc #pinotnoir #shiraz\xe2\x80\xa6',RobertsonWineValley,RobertsonWineV,Robertson,6,0
2018-09-16 16:50:30,"b'RT @PersianRose1: The Pink [Floyd] mosque, #Shiraz- #Iran. @pinkfloyd https://t.co/4FAUVMR94p'",Marinaüåº,msparejo,,15,0
2018-09-16 16:11:24,b'Tonight\xe2\x80\x99s offering @penfolds #shiraz https://t.co/hlLjJQYH0v',John Carroll,MediaCarroll,UK,0,4
2018-09-16 14:36:41,"b'#Premium #SouthAfrican #wine Rhebokskloof Vineyard Selection #Shiraz 2016 Full bodied, with a melange of cedar wood\xe2\x80\xa6 https://t.co/sapUcNMAoY'",Brett,Tastebudbrett,United States - Spain,0,1
2018-09-16 12:24:36,b'RT @Yazhubal: Happy kids with father - Shiraz Iran\n#yazhubal\n.\n.\n.\n\n#iran #shiraz #irantravel #visitiran\xe2\x80\xa6 https://t.co/JkfirGLcci',Backpacking,back78pack,,0,1
2018-09-16 11:16:13,"b'Drank alcohol for the first time in months last night, McGuigan Shiraz Reserve - oh my days, it was delicious! 3/4\xe2\x80\xa6 https://t.co/K2KGm0MHDF'",MrsB,LiJBanks,West Yorkshire ,0,3
2018-09-16 09:09:18,b'Have you tried our new range of @iheartwines ? #iheartwines #rose #shiraz #pinotgrigio #wine \xf0\x9f\x8d\xb7 https://t.co/gtpHdWJI21',Musselburgh GolfClub,MusselburghGC,"Musselburgh, East Lothian, UK.",0,0
2018-09-16 09:07:54,"b'@GidgitVonLaRue Thanks, I have decided on a #Fish and #Shiraz combo https://t.co/BRCzw6ddBR'",AL Rurenga,ALRurenga,NSW in Australia,0,1
2018-09-16 08:57:50,"b'@alawine @Virginia_Made Had a #HeadStart, no point wasting a good #Plan and and that #Shiraz https://t.co/hfutfloxiv'",AL Rurenga,ALRurenga,NSW in Australia,0,0
2018-09-16 08:54:40,"b'@GidgitVonLaRue I see tonite we have #SwordFish, #NowYouSeeMe and that #GreekWedding, which one to watch? Maybe just drink #Shiraz'",AL Rurenga,ALRurenga,NSW in Australia,0,1
2018-09-16 08:09:16,b'RT @SOPHIEJANECROSS: WINE-ING BECAUSE THE WEEKEND IS OVER \xf0\x9f\xa4\xa6\xf0\x9f\x8f\xbc\xe2\x80\x8d\xe2\x99\x80\xef\xb8\x8f\xf0\x9f\x8d\xb7 #sjchens #hens #weekend #wine #redwine #shiraz #scotchmanshill #billyjbout\xe2\x80\xa6',Hannu Harjunmaa,hannu_harjunmaa,"Holden, MA, USA",1,0
2018-09-16 07:21:45,b'WINE-ING BECAUSE THE WEEKEND IS OVER \xf0\x9f\xa4\xa6\xf0\x9f\x8f\xbc\xe2\x80\x8d\xe2\x99\x80\xef\xb8\x8f\xf0\x9f\x8d\xb7 #sjchens #hens #weekend #wine #redwine #shiraz #scotchmanshill\xe2\x80\xa6 https://t.co/PfCe3CuQzT',Sophie Jane Cross,SOPHIEJANECROSS,"Ocean Grove - Barwon Heads, Victoria",1,1
2018-09-16 07:10:43,"b'RT @PersianRose1: The Pink [Floyd] mosque, #Shiraz- #Iran. @pinkfloyd https://t.co/4FAUVMR94p'",ATHE1STP0WER/Kriz,ATHE1STP0WER,Here.In front of you.,15,0
2018-09-16 07:05:11,"b'RT @PersianRose1: The Pink [Floyd] mosque, #Shiraz- #Iran. @pinkfloyd https://t.co/4FAUVMR94p'",Steven 1888,1888steven,Glasgow,15,0
2018-09-16 06:44:30,"b'RT @PersianRose1: The Pink [Floyd] mosque, #Shiraz- #Iran. @pinkfloyd https://t.co/4FAUVMR94p'",Jaszsszzszszzson üëΩüöÄ‚ò¢Ô∏è,Lehnaru,"British Columbia, Canada",15,0
2018-09-16 05:50:29,b'RT @BeaCooney: Drinking delicious red wine completely guilt free! What a wonderful initiative by @blackheartswine and co supporting the won\xe2\x80\xa6',Hayley,speakcleary,Too far from the sea..,11,0
2018-09-16 05:36:31,"b'RT @PersianRose1: The Pink [Floyd] mosque, #Shiraz- #Iran. @pinkfloyd https://t.co/4FAUVMR94p'",Nicholas Foederer,nfoederer1,"Daytona Beach, FL",15,0
2018-09-16 05:35:29,b'@PersianRose1 @pinkfloyd \xe2\x9c\x85 and you had better tell your adoring followers the story about the mosquitoes #shiraz #iran #nasir_ol_molk',terry lancashire,terrylancashire,Melbourne via Juba Sth Sudan ,0,1
2018-09-16 05:27:52,"b'RT @PersianRose1: The Pink [Floyd] mosque, #Shiraz- #Iran. @pinkfloyd https://t.co/4FAUVMR94p'",Jorge Santisteban,JoSantisteban,Pale Blue Dot,15,0
2018-09-16 05:27:09,"b'RT @PersianRose1: The Pink [Floyd] mosque, #Shiraz- #Iran. @pinkfloyd https://t.co/4FAUVMR94p'",Junie Woonie,The_Evil_Barbie, St Albans UK ,15,0
2018-09-16 05:21:45,"b'RT @PersianRose1: The Pink [Floyd] mosque, #Shiraz- #Iran. @pinkfloyd https://t.co/4FAUVMR94p'",üåèüö≤ SleyStak üéµüåì,Sley_Stack,Lake Washington Watershed,15,0
2018-09-16 05:12:25,b'RT @SilentNoisewine: 2015 Reserve Shiraz going into bottle vinpacinternational and released this week. Get excited because we are!! #mclare\xe2\x80\xa6',House of Cejvan,CejvanHouse,Planet Earth,1,0
2018-09-16 05:09:56,b'2015 Reserve Shiraz going into bottle vinpacinternational and released this week. Get excited because we are!!\xe2\x80\xa6 https://t.co/hb8sAzAzHB',Silent Noise,SilentNoisewine,"McLaren Vale, South Australia",1,1
2018-09-16 05:08:27,"b""Oops, I don't mean the sandwich stop is #Pazzion, but I meant #Shiraz. However, the hair salon I visited 3 times before is #Passion.""",üëëüííAmy Chuaüííüëë,amychua24,Singapore,0,0
2018-09-16 05:01:20,"b'RT @PersianRose1: The Pink [Floyd] mosque, #Shiraz- #Iran. @pinkfloyd https://t.co/4FAUVMR94p'",Pablo Ramirez,DoPoliticas236,,15,0
2018-09-16 04:55:53,"b'RT @PersianRose1: The Pink [Floyd] mosque, #Shiraz- #Iran. @pinkfloyd https://t.co/4FAUVMR94p'",Bryan Pritchett,pdxbryan,"Portland, OR",15,0
2018-09-16 04:53:27,"b'RT @PersianRose1: The Pink [Floyd] mosque, #Shiraz- #Iran. @pinkfloyd https://t.co/4FAUVMR94p'",üß° Emilio Blanco üíö,dj3mb,,15,0
2018-09-16 04:51:59,"b'RT @PersianRose1: The Pink [Floyd] mosque, #Shiraz- #Iran. @pinkfloyd https://t.co/4FAUVMR94p'",Trump puts the POS in POTUS üá∫üá∏,GrouchoMarx1011,Atlantis,15,0
2018-09-16 04:51:22,"b'The Pink [Floyd] mosque, #Shiraz- #Iran. @pinkfloyd https://t.co/4FAUVMR94p'",Persian Rose,PersianRose1,5 admins scattered in US & EU,15,59
2018-09-16 04:49:38,b'Here we go!  It will be #vintage2019 before we know it!  #shiraz #budburst #spring @gtwinemag #mclarenflat\xe2\x80\xa6 https://t.co/KiZFfAfxKU',Kevin OBrien,kobmv,,0,1
2018-09-16 04:03:19,b'RT @SomaVineVillage: Get yourself ready for a delightful wine experience in Shiraz at  @SomaVineVillage\n\nBook Your Table: https://t.co/l1FC\xe2\x80\xa6',WeAreNashik,WeAreNashik,Nashik,1,0
2018-09-16 03:30:00,b'Get yourself ready for a delightful wine experience in Shiraz at  @SomaVineVillage\n\nBook Your Table:\xe2\x80\xa6 https://t.co/Ay6IJ2oMls',Soma Vine Village,SomaVineVillage,"Nashik, India",1,4
2018-09-15 22:45:15,"b'#RitusReviews #Ritusfavwines #Groom #Shiraz 2004 - #BarossaValley, Australia - Another wine to splurge on. The nose\xe2\x80\xa6 https://t.co/oZMap2KNnu'",Ritu Krishna,RituKrishna,"Dallas, TX",0,1
2018-09-15 22:01:46,b'Red lip is life \xf0\x9f\x92\x84\xf0\x9f\x92\x8b\n#nickak #shiraz #matte https://t.co/rnN0Zud0jN',Sharon Velez Diodonet,reggaequeen217,"Brooklyn,New York",0,0
2018-09-15 21:55:20,b'RT @iranpresswatch: Five #Shiraz #Bahais Sentenced to #Prison and Exile\nhttps://t.co/NEOKfM6jxS',kevin proudman,kevin_proudman,,8,0
2018-09-15 19:37:34,b'When the band manager has \xf0\x9f\x8d\xb7 #musiclife #strangecurrencies #jenniferbilsthorpe3rd #wine #shiraz #redwine #coventry https://t.co/uU3buU5F96',Strange Currencies,strangecu,"Derby & Nottingham, England ",0,2
2018-09-15 18:46:27,"b'RT @pedestrian: As the light bends to the warrior. \nThe flag of #Ashura is raised at Shahcheragh (Lord of Light) Shrine, #Shiraz, Iran http\xe2\x80\xa6'",ÿ´ŸÜ€å€Å ÿ®ÿ™ŸàŸÑ,syeda_batool,Blasphemistan,9,0
2018-09-15 18:10:38,"b'RT @Iran_Style: The historic #QuranGate, the northern entrance to #Shiraz, and now part of the city park, #IRAN, via #InjoShiraze. #archite\xe2\x80\xa6'",@zohre_yaghobi,zohre_yaghobi,,19,0
2018-09-15 17:20:05,"b'#Shiraz &amp; #CabernetSauvignon #wine. Deep red, aromas of raspberry &amp; liquorice!\n\nBuy online: https://t.co/UxwVUMOdcX https://t.co/DDbXsGp5z8'",Charles Rose Wines,CharlesRoseWine,United Kingdom,0,0
2018-09-15 16:43:50,b'RT @wine_quotes: Want to choose a good bottle of wine every time? https://t.co/8sxoNLitFR  \n#ruwines #veneto #chardonnay #shiraz #redwine #\xe2\x80\xa6',UKWineMerchant,UKWineMerchant,UK,2,0
2018-09-15 16:27:54,b'RT @wine_quotes: Want to choose a good bottle of wine every time? https://t.co/8sxoNLitFR  \n#ruwines #veneto #chardonnay #shiraz #redwine #\xe2\x80\xa6',Foodmanufacturinguk,FoodmfgUK,Manchester,2,0
2018-09-15 16:23:13,b'Want to choose a good bottle of wine every time? https://t.co/8sxoNLitFR  \n#ruwines #veneto #chardonnay #shiraz\xe2\x80\xa6 https://t.co/SJp9b0XpW6',Love your,wine_quotes,"South East, England",2,1
2018-09-15 16:11:55,"b'RT @Iran_Style: The historic #QuranGate, the northern entrance to #Shiraz, and now part of the city park, #IRAN, via #InjoShiraze. #archite\xe2\x80\xa6'",Mahmoudi,mahmoudi1214,,19,0
2018-09-15 15:23:54,b'#EP7AHN #Shiraz #Iran #dx\nEP7AHN - Shiraz - Iran - Forums https://t.co/MJAPpaISvc\nEP7AHN on 14240 now',Alex_T,DXInformation,,0,1
2018-09-15 15:06:05,b'RT @passion4travel: Sublime #architechiture. #travel #shiraz #photo #tourism https://t.co/YesbnhOSA4',Dhanjay Gungapersad,dhanjaygungape1,,1,0
2018-09-15 12:47:37,"b'RT @Iran_Style: The historic #QuranGate, the northern entrance to #Shiraz, and now part of the city park, #IRAN, via #InjoShiraze. #archite\xe2\x80\xa6'",Abolfazl Beheshti,BeheshtAbolfazl,France,19,0
2018-09-15 12:41:24,"b""Picturesque old garden near #Sa'di_tomb. #delgosha_garden with its magnificent sour orange trees, lovely fountains\xe2\x80\xa6 https://t.co/AyWjQzZlAM""",Omidan Travel,OmidanTravel,Islamic Republic of Iran,0,0
2018-09-15 12:29:12,b'Some clicks from Reception of my beloved nephew #Shiraz Malik',Nasir Hashmi,nasirhashmiatv,"Islamabad, Pakistan",0,0
2018-09-15 11:33:01,b'RT @BeaCooney: Drinking delicious red wine completely guilt free! What a wonderful initiative by @blackheartswine and co supporting the won\xe2\x80\xa6',Maurene Grundy,twitACTION,,11,0
2018-09-15 09:28:41,b'RT @BeaCooney: Drinking delicious red wine completely guilt free! What a wonderful initiative by @blackheartswine and co supporting the won\xe2\x80\xa6',alexfein,alexfein75,"Melbourne, Oz",11,0
2018-09-15 07:54:43,b'RT @BeaCooney: Drinking delicious red wine completely guilt free! What a wonderful initiative by @blackheartswine and co supporting the won\xe2\x80\xa6',Rodd Clarkson,mrmintslice,,11,0
2018-09-15 07:35:13,b'Thank you for the love people! Keep it coming! @Tweet2Rhea #ManojSoni #Shiraz #SwastikKarnatki #PradiptaDe\xe2\x80\xa6 https://t.co/S2zjZpGsVV',Varun Mitra,varunmitra19,"Mumbai, India",1,13
2018-09-15 07:27:39,b'RT @BeaCooney: Drinking delicious red wine completely guilt free! What a wonderful initiative by @blackheartswine and co supporting the won\xe2\x80\xa6',Angelika Treichler,Treich1Angelika,Sydney,11,0
2018-09-15 06:41:40,b'RT @BeaCooney: Drinking delicious red wine completely guilt free! What a wonderful initiative by @blackheartswine and co supporting the won\xe2\x80\xa6',Dave Peters,Dpeters1977,"Mount Waverley, Melbourne",11,0
2018-09-15 06:40:49,b'RT @BeaCooney: Drinking delicious red wine completely guilt free! What a wonderful initiative by @blackheartswine and co supporting the won\xe2\x80\xa6',Morpheus Keyboard Warrior,MorpheusBeing,Gaia,11,0
2018-09-15 06:27:10,b'RT @BeaCooney: Drinking delicious red wine completely guilt free! What a wonderful initiative by @blackheartswine and co supporting the won\xe2\x80\xa6',Pammieoz,Pammieoz, Runnymede VIC 3559,11,0
2018-09-15 06:25:44,b'RT @BeaCooney: Drinking delicious red wine completely guilt free! What a wonderful initiative by @blackheartswine and co supporting the won\xe2\x80\xa6',Jane Pepper,Maintenonmadame,,11,0
2018-09-15 06:24:45,b'RT @BeaCooney: Drinking delicious red wine completely guilt free! What a wonderful initiative by @blackheartswine and co supporting the won\xe2\x80\xa6',Kon Karapanagiotidis,Kon__K,"Australia, Wurundjeri Land",11,0
2018-09-15 06:14:13,"b'RT @Iran_Style: The historic #QuranGate, the northern entrance to #Shiraz, and now part of the city park, #IRAN, via #InjoShiraze. #archite\xe2\x80\xa6'","Free@Last, Free@Last",mrverypicky,,19,0
2018-09-15 06:11:47,b'EJ &amp; SJ \xf0\x9f\x8d\xb7#sjchens #cousins #wine #shiraz #wine #family #love #sophiegetsatusch #bartusched #billyjboutique #hens\xe2\x80\xa6 https://t.co/WzeS66Csch',Sophie Jane Cross,SOPHIEJANECROSS,"Ocean Grove - Barwon Heads, Victoria",1,0
2018-09-15 05:45:11,b'WINE NOT...ITS MY HENS AFTER ALL! THANKS emmajanecross #sjchens #hensparty #bartusched #sophiegetsatusch\xe2\x80\xa6 https://t.co/xyAUb1FHxv',Sophie Jane Cross,SOPHIEJANECROSS,"Ocean Grove - Barwon Heads, Victoria",0,0
2018-09-15 04:54:32,b'RT @LordsWines: A very busy day for Lords at #CapeWine2018 \n_\n#lords #lordswines #mcgregor #capewine2018 #capetown #mcc #pinotnoir #shiraz\xe2\x80\xa6',Akhona Mongameli‚Ñ¢,RealAkhona,"Cape Town, South Africa",6,0
2018-09-15 04:52:19,"b""RT @dandawineman: @heartlandwines 2015 'SPICE TRADER' #SHIRAZ/ #CABERNET Lovely aromas of plums, currants,cherries + a smidge of spice.Beau\xe2\x80\xa6""",Heartland Wines,heartlandwines,South Australia,1,0
2018-09-15 04:47:24,"b""@heartlandwines 2015 'SPICE TRADER' #SHIRAZ/ #CABERNET Lovely aromas of plums, currants,cherries + a smidge of spic\xe2\x80\xa6 https://t.co/G4OsAXznjz""",DAN TRAUCKI,dandawineman,ADELAIDE,1,2
2018-09-15 04:17:24,b'Starting with red grapes #harvest #shiraz #tenutabaron https://t.co/VVwSMWX5wl',Tenuta Baron Winery,TenutaBaronWine,"Fonte, Veneto",0,0
2018-09-15 04:13:08,b'#1200shot #todayonmtlehmo #HotMunch #OssoBucco #Shiraz and a cold #Spring day #perfect @ David Franz Cellardoor https://t.co/4b3sfsSaQs',david Franz Wine,davidFranzwine,"Barossa, South Australia",0,1
2018-09-15 04:08:06,"b'RT @LordsWines: It is the last day of #capewine2018! If you are attending the Cape Wine show, swing your bat at our stall, our wines will g\xe2\x80\xa6'",De Oude Huize,deoudehuize,Kameel North West South Africa,3,0
2018-09-15 02:58:59,"b'RT @Iran_Style: The historic #QuranGate, the northern entrance to #Shiraz, and now part of the city park, #IRAN, via #InjoShiraze. #archite\xe2\x80\xa6'",King Maker,KingMaker7777,"Muscat, Oman",19,0
2018-09-15 02:08:09,b'Drinking delicious red wine completely guilt free! What a wonderful initiative by @blackheartswine and co supportin\xe2\x80\xa6 https://t.co/wSyeRyGH6x',Beatrice Cooney,BeaCooney,,11,32
2018-09-14 22:38:04,b'RT @SnapperRockTony: So excited! @SilentNoisewine has now arrived in the U.K. and we\xe2\x80\x99re the importer. Showing this autumn with charlie (win\xe2\x80\xa6',Antipodean Sommelier,AntipodeanSomm,"London, England",2,0
2018-09-14 21:58:19,"b'RT @Iran_Style: The historic #QuranGate, the northern entrance to #Shiraz, and now part of the city park, #IRAN, via #InjoShiraze. #archite\xe2\x80\xa6'",cyrus,4mycyrus,,19,0
2018-09-14 21:48:46,b'RT @Digitalknight4: #shiraz the cruel regime hanged a young man. https://t.co/XAzubA17Dt',üëëü¶ã ÿ®ÿßŸÑÿ™ÿßÿ≤ÿßÿ±,BridgeTheWorld1,USA,1,0
2018-09-14 21:45:10,b'#shiraz the cruel regime hanged a young man. https://t.co/XAzubA17Dt',Digitalknight,Digitalknight4,,1,1
2018-09-14 20:16:51,b'I\xe2\x80\x99m now at an age where I understand the difference between a #merlot a #shiraz and a #whitelightning \xf0\x9f\xa4\x99\xf0\x9f\x8f\xbc....im like a fine wine...',Jamie Mitchell,jamiemitchell2,London,0,1
2018-09-14 20:08:16,b'RT @LordsWines: A very busy day for Lords at #CapeWine2018 \n_\n#lords #lordswines #mcgregor #capewine2018 #capetown #mcc #pinotnoir #shiraz\xe2\x80\xa6',Destination McGregor,DestinationMcG,South Africa,6,0
2018-09-14 19:46:09,"b'That #FridayFeeling when your working late with a glass of #shiraz, @phpstorm  and @OMAM_Army, what are you all doi\xe2\x80\xa6 https://t.co/Sn16HXGPL0'",Public Void Apps,PublicVoidApps,United Kingdom,0,1
2018-09-14 19:05:41,"b'RT @Iran_Style: The historic #QuranGate, the northern entrance to #Shiraz, and now part of the city park, #IRAN, via #InjoShiraze. #archite\xe2\x80\xa6'",Soode Rakhsha,Soode_Rakhsha,ÿ¨ŸÖŸáŸàÿ±€å ÿßÿ≥ŸÑÿßŸÖ€å ÿß€åÿ±ÿßŸÜ,19,0
2018-09-14 19:04:42,"b'RT @Iran_Style: The historic #QuranGate, the northern entrance to #Shiraz, and now part of the city park, #IRAN, via #InjoShiraze. #archite\xe2\x80\xa6'",PersianC‚í∂mmie‚ò≠üö©üè¥üáÆüá∑ü•ñüåπ,WisePersian,Madrid,19,0
2018-09-14 18:46:05,"b'RT @Iran_Style: The historic #QuranGate, the northern entrance to #Shiraz, and now part of the city park, #IRAN, via #InjoShiraze. #archite\xe2\x80\xa6'",Mashhadi,Mashhadi8,Persian,19,0
2018-09-14 18:43:43,b'Going for this one instead\xe2\x98\xba\xef\xb8\x8f\xf0\x9f\x99\x8c\xf0\x9f\x8f\xbc Another Australian Shiraz\xf0\x9f\x92\x97 This one is definitely suitable for vegans yayyyy from\xe2\x80\xa6 https://t.co/Iv8YeXuuVr',Sayj ‚ìã üê±üêæüå±üå∏ü§òüé∏,thevegansnuts,"England, United Kingdom",0,2
2018-09-14 18:09:44,b'Now for the steak and red wine #ribeyesteak #redwine #australian #shiraz #cabernetsauvignon #2012 #unfiltered\xe2\x80\xa6 https://t.co/P0HUqCjNUO',MGPowell,MGPowell,"Chalford, Gloucestershire, ENG",0,1
2018-09-14 17:00:23,"b'Salmon pink #Shiraz Ros\xc3\xa9 expresses intriguing wild strawberry, cherries and a lovely touch of spices on the nose. F\xe2\x80\xa6 https://t.co/5LynieFXgY'",Monsoon Valley Wine,MonsoonValleyUK,United Kingdom,0,4
2018-09-14 15:24:19,"b'RT @pedestrian: By the water.\n#Shiraz, Iran https://t.co/zFSMsKEmwU'",From Rumi's Mathnawi,Aphorisms99,,14,0
2018-09-14 15:24:10,b'RT @pedestrian: Hafez of #Shiraz https://t.co/DvHoVX0s1z',From Rumi's Mathnawi,Aphorisms99,,22,0
2018-09-14 14:58:51,"b'RT @Iran_Style: The historic #QuranGate, the northern entrance to #Shiraz, and now part of the city park, #IRAN, via #InjoShiraze. #archite\xe2\x80\xa6'",Mariokhüå∏,mariokh_97,neverlandüå±,19,0
2018-09-14 14:55:37,b'Just Pinned to Fareham Wine Cellar Instagram Pictures: Simon Hackett Hills View Shiraz McLaren Vale in bottle and h\xe2\x80\xa6 https://t.co/WyWsAWUaDr',Dominic Lockyer,farehamwine,"Fareham, Hampshire, UK",0,0
2018-09-14 14:53:42,"b'It\xe2\x80\x99s Friday Wine Day!! A glass of red is totally acceptable at this time, right?! \xf0\x9f\x8d\xb7 #fridayvibes #redwine #shiraz\xe2\x80\xa6 https://t.co/NlPzwoRx0B'",Carolann Turner,carolann_turner,"Livingston, Scotland",0,3
2018-09-14 14:35:58,"b""So I treated myself to a bottle of red wine, love this one \xf0\x9f\x98\x8a\xf0\x9f\x92\x97\xf0\x9f\x99\x8c\xf0\x9f\x8d\xb7 haven't had wine in ages and really fancied some. W\xe2\x80\xa6 https://t.co/gL5FZJ63AE""",Sayj ‚ìã üê±üêæüå±üå∏ü§òüé∏,thevegansnuts,"England, United Kingdom",0,6
2018-09-14 14:12:35,"b'RT @Iran_Style: The historic #QuranGate, the northern entrance to #Shiraz, and now part of the city park, #IRAN, via #InjoShiraze. #archite\xe2\x80\xa6'",Bardia,BD2867,Tehran,19,0
2018-09-14 13:47:39,b'RT @IranFrontPage: Masghati &amp; Cookie: Yummy Souvenirs of #shiraz https://t.co/PzX5x9rAyx https://t.co/MVGZCd5thm',Maria Afsharian,MariaAfsharian,NYC Area & Shiraz Iran,2,0
2018-09-14 13:40:13,"b'RT @Iran_Style: The historic #QuranGate, the northern entrance to #Shiraz, and now part of the city park, #IRAN, via #InjoShiraze. #archite\xe2\x80\xa6'",Nazanin,Nazi1986Nazi,"Tehran, Iran",19,0
2018-09-14 13:38:32,"b'RT @Iran_Style: The historic #QuranGate, the northern entrance to #Shiraz, and now part of the city park, #IRAN, via #InjoShiraze. #archite\xe2\x80\xa6'",ComplexVert,ComplexVert,,19,0
2018-09-14 13:30:37,"b'RT @Iran_Style: The historic #QuranGate, the northern entrance to #Shiraz, and now part of the city park, #IRAN, via #InjoShiraze. #archite\xe2\x80\xa6'",Hassan Ahmadi,hassanahmadi2,Qatar,19,0
2018-09-14 13:26:50,"b'Simon Hackett Hills View Shiraz, McLaren Vale in bottle and half bottle #simonhackett #mclarenvale #australianwine\xe2\x80\xa6 https://t.co/EsPBapippe'",Dominic Lockyer,farehamwine,"Fareham, Hampshire, UK",0,0
2018-09-14 13:17:48,"b'RT @Iran_Style: The historic #QuranGate, the northern entrance to #Shiraz, and now part of the city park, #IRAN, via #InjoShiraze. #archite\xe2\x80\xa6'",Python,objectivistweet,Free Iran,19,0
2018-09-14 13:16:48,b'RT @Dunstone_Estate: We are exceptionally proud of our #DunstoneShiraz 2015 that has won Silver at @theIWSC 2018 awards! \n#wineawards #wine\xe2\x80\xa6',The IWSC,theIWSC,London,1,0
2018-09-14 13:15:07,b'We are exceptionally proud of our #DunstoneShiraz 2015 that has won Silver at @theIWSC 2018 awards! \n#wineawards\xe2\x80\xa6 https://t.co/bdydqGTWDX',Dunstone,Dunstone_Estate,"Wellington, Western Cape",1,5
2018-09-14 13:10:57,"b'Simon Hackett Hills View Shiraz, McLaren Vale in bottle and half bottle #simonhackett #mclarenvale #australianwine\xe2\x80\xa6 https://t.co/qkUK55Q86i'",Dominic Lockyer,farehamwine,"Fareham, Hampshire, UK",0,0
2018-09-14 13:00:16,"b'RT @Iran_Style: The historic #QuranGate, the northern entrance to #Shiraz, and now part of the city park, #IRAN, via #InjoShiraze. #archite\xe2\x80\xa6'",Tracy S,flowersxxx,hove,19,0
2018-09-14 12:55:51,"b'The historic #QuranGate, the northern entrance to #Shiraz, and now part of the city park, #IRAN, via #InjoShiraze.\xe2\x80\xa6 https://t.co/kmpcN7YV9Y'",Iran Style,Iran_Style,,19,80
2018-09-14 12:46:35,b'RT @SnapperRockTony: So excited! @SilentNoisewine has now arrived in the U.K. and we\xe2\x80\x99re the importer. Showing this autumn with charlie (win\xe2\x80\xa6',Dartmouth Wine Co,DartmouthWineCo,"Dartmouth, England",2,0
2018-09-14 12:07:41,"b'I really fancy some red wine, I think I need to treat myself to a bottle of #yellowtail #shiraz \xf0\x9f\x99\x8c\xf0\x9f\x98\x8a\xf0\x9f\x8c\xb1\xf0\x9f\x8d\xb7for later tonig\xe2\x80\xa6 https://t.co/WUkRRwhc1l'",Sayj ‚ìã üê±üêæüå±üå∏ü§òüé∏,thevegansnuts,"England, United Kingdom",0,4
2018-09-14 11:29:53,b'So excited! @SilentNoisewine has now arrived in the U.K. and we\xe2\x80\x99re the importer. Showing this autumn with charlie (\xe2\x80\xa6 https://t.co/M95ajZ4Ily',Tony Wellings,SnapperRockTony,"Peterborough, England",2,10
2018-09-14 10:30:16,"b'A beautiful Shiraz Viogner that is rich and luscious on the palate. Awarded 94 points by Sam Kim, 92 points by Jame\xe2\x80\xa6 https://t.co/bF0xGKnTTp'",Crackawines.com.au,crackawines,"Sydney, Australia",0,0
2018-09-14 10:06:57,b'RT @LordsWines: A very busy day for Lords at #CapeWine2018 \n_\n#lords #lordswines #mcgregor #capewine2018 #capetown #mcc #pinotnoir #shiraz\xe2\x80\xa6',East House PR,EastHousePR,,6,0
2018-09-14 10:06:38,b'RT @LordsWines: A very busy day for Lords at #CapeWine2018 \n_\n#lords #lordswines #mcgregor #capewine2018 #capetown #mcc #pinotnoir #shiraz\xe2\x80\xa6',Jacob O,Oh_Mr_Jacob,,6,0
2018-09-14 09:51:06,"b'I wish to spend a week in #Shiraz, #Iran soon sometime!'",Abdur Rehman ¬©,SabiIlluxinist,"ŸÑÿß€ÅŸàÿ±, ÿßÿ≥ŸÑÿßŸÖ ÿ¢ÿ®ÿßÿØ, ÿØÿ®ÿ¶€å,ÿßŸà⁄©ÿß⁄ë€Å",0,0
2018-09-14 09:34:18,b'RT @LordsWines: A very busy day for Lords at #CapeWine2018 \n_\n#lords #lordswines #mcgregor #capewine2018 #capetown #mcc #pinotnoir #shiraz\xe2\x80\xa6',CapeWine2018,CapeWine2018,"South Africa, CTICC",6,0
2018-09-14 09:33:40,b'A very busy day for Lords at #CapeWine2018 \n_\n#lords #lordswines #mcgregor #capewine2018 #capetown #mcc #pinotnoir\xe2\x80\xa6 https://t.co/wKuMhxj44C',Lord's Wines,LordsWines,McGregor/Robertson,6,6
2018-09-14 09:24:38,b'RT @iranpresswatch: Five #Shiraz #Bahais Sentenced to #Prison and Exile\nhttps://t.co/NEOKfM6jxS',Derry Baha'is,DerryBahais,,8,0
2018-09-14 08:53:25,"b'RT @LordsWines: It is the last day of #capewine2018! If you are attending the Cape Wine show, swing your bat at our stall, our wines will g\xe2\x80\xa6'",CapeWine2018,CapeWine2018,"South Africa, CTICC",3,0
2018-09-14 08:51:14,"b'It is the last day of #capewine2018! If you are attending the Cape Wine show, swing your bat at our stall, our wine\xe2\x80\xa6 https://t.co/UT6dJ9aC1S'",Lord's Wines,LordsWines,McGregor/Robertson,3,6
2018-09-14 06:38:58,"b'RT @ZandvlietWine: A firm favourite on the tables of wine enthusiasts... The clayey soils of our #Shiraz vineyards are limestone-rich, allo\xe2\x80\xa6'",Breede River Valley,BreedeRiverVall,South Africa,2,0
2018-09-14 06:20:24,b'RT @iranpresswatch: Five #Shiraz #Bahais Sentenced to #Prison and Exile\nhttps://t.co/NEOKfM6jxS',mamdouh afnan,mgafnan,kuwait,8,0
2018-09-14 05:08:43,b'RT @iranpresswatch: Five #Shiraz #Bahais Sentenced to #Prison and Exile\nhttps://t.co/NEOKfM6jxS',Nayyer Mohamed,nayyer19,Kingdom of Bahrain üáßüá≠,8,0
2018-09-14 04:23:28,b'Didn\xe2\x80\x99t know it\xe2\x80\x99s #aussiewineweek! Got this nice #Shiraz from @shawandsmith at @EastsideCellars https://t.co/EkvjqChZSM',Hsiu-Yu Liu,HsiuYu_Liu,,0,0
2018-09-14 03:42:08,b'In store #tasting @barwonheadswine today from 4pm! I\xe2\x80\x99ll be showing the new 2018 #rose and 2017 William #shiraz ....\xe2\x80\xa6 https://t.co/sZYjXQUizl',Oakdene Wines,Oakdenewines,"Geelong, Australia",0,0
2018-09-14 03:39:24,b'RT @dpwc_wine: We love Syrah/Shiraz! Hope everyone knows it better after our Wine Wednesday!\n#wine #winetasting #winelover #winewednesday #\xe2\x80\xa6',Vim,12x75,London,1,0
2018-09-14 03:35:15,b'We love Syrah/Shiraz! Hope everyone knows it better after our Wine Wednesday!\n#wine #winetasting #winelover\xe2\x80\xa6 https://t.co/yiw2l3ljJe',dragonphoenix,dpwc_wine,"Âåó‰∫¨, ‰∏≠Âçé‰∫∫Ê∞ëÂÖ±ÂíåÂõΩ",1,0
2018-09-14 03:27:55,b'RT @iranpresswatch: Five #Shiraz #Bahais Sentenced to #Prison and Exile\nhttps://t.co/NEOKfM6jxS',Kilian Cirera üéó,kiliancs,"Seattle, WA",8,0
2018-09-14 01:26:30,b'RT @iranpresswatch: Five #Shiraz #Bahais Sentenced to #Prison and Exile\nhttps://t.co/NEOKfM6jxS',JoAnn Gometz,jgometz,USA,8,0
2018-09-14 01:06:07,b'@winewankers Fiat? #Shiraz corks be ok \xf0\x9f\x91\x8d Maybe even #Arbarth exhaust? https://t.co/VZedSyxMjg',AL Rurenga,ALRurenga,NSW in Australia,0,2
2018-09-14 00:18:28,b'RT @iranpresswatch: Five #Shiraz #Bahais Sentenced to #Prison and Exile\nhttps://t.co/NEOKfM6jxS',BrianErenstone,berensto,Rochester.N.Y. metro,8,0
2018-09-13 23:58:09,b'RT @iranpresswatch: Five #Shiraz #Bahais Sentenced to #Prison and Exile\nhttps://t.co/NEOKfM6jxS',Susan Old üê≥‚òÆÔ∏è‚ù§Ô∏èüåéüé∏üìöüßõ‚Äç‚ôÇÔ∏è,zairesue,North of Seattle‚òïÔ∏è,8,0
2018-09-13 23:53:22,b'Five #Shiraz #Bahais Sentenced to #Prison and Exile\nhttps://t.co/NEOKfM6jxS',Iran Press Watch,iranpresswatch,,8,2
2018-09-13 20:11:14,b'RT @wine_quotes: Want to choose a good bottle of wine every time? https://t.co/8sxoNLitFR \n#ruwines #veneto #chardonnay #shiraz #redwine #b\xe2\x80\xa6',Grace Wines UK Ltd,grace_wines,"Carveiro, Algarve",4,0
2018-09-13 20:08:23,"b""Always appreciate a score from @Beppi_Crosariol from the @globeandmail - 91 points for Penny's Hill Cracking Black\xe2\x80\xa6 https://t.co/gH2PWUaFsz""",Dionysus Wines,DionysusWines,"Ontario, Canada",0,2
2018-09-13 19:38:14,b'#Redwine #Wine In A Bag! #Shiraz Yes - 2 Bottles In A Bag :) #winelover https://t.co/89LeKRcEZb',Adrian Bray,WFine25,South Wales UK,0,0
2018-09-13 17:37:08,b'RT @E15furniture: Modular sofa SHIRAZ by Farah Ebrahimi and Philipp Mainzer for e15 #farahebrahimi #philippmainzer #sofa #shiraz #e15 https\xe2\x80\xa6',DE ZAAK design,dezaakdesign,"Tilburg, The Netherlands",1,0
2018-09-13 14:08:35,"b'RT @looming_morrow: Two countries rich in culture and mind-blowing architecture: Morocco and Iran. Size: 1x1 inch, ca. 25 mm. @illustration\xe2\x80\xa6'",suren,juanthenocturn,Bilik,1,0
2018-09-13 14:02:00,"b'Two countries rich in culture and mind-blowing architecture: Morocco and Iran. Size: 1x1 inch, ca. 25 mm.\xe2\x80\xa6 https://t.co/CizL2GZFdF'",ùïøùñçùñä ùï∑ùñîùñîùñíùñéùñìùñå ùï∏ùñîùñóùñóùñîùñú,looming_morrow,Kuala Lumpur City,1,7
2018-09-13 13:16:36,"b'RT @rhebokskloof: Meet our winemaker, Rolanie Lotz, at #capewine2018 \n\n#capewine #paarl #rhebokskloof #wine #winemaker #shiraz #wosa #visit\xe2\x80\xa6'",Visit Paarl_ZA,visitpaarl,"Paarl, Cape Winelands",2,0
2018-09-13 12:28:16,b'RT @wine_quotes: Want to choose a good bottle of wine every time? https://t.co/8sxoNLitFR   \n#veneto #shiraz #redwine #buyitnow #bestbuy #e\xe2\x80\xa6',Foodmanufacturinguk,FoodmfgUK,Manchester,1,0
2018-09-13 12:25:42,"b'RT @HardtoFindWines: A single varietal Shiraz by Iona Wines in Elgin, South Africa, handpicked and destemmed without crushing. \nOrder from\xe2\x80\xa6'",Love Wine Festival,lovewine_fest,"Birmingham, England",1,0
2018-09-13 12:14:55,b'Want to choose a good bottle of wine every time? https://t.co/8sxoNLitFR   \n#veneto #shiraz #redwine #buyitnow\xe2\x80\xa6 https://t.co/M1VPIK6I1A',Love your,wine_quotes,"South East, England",1,1
2018-09-13 11:32:47,b'#sparkling #shiraz #syrah @ Yellow Rock https://t.co/SWBO3rabWh',James Patrick rafter,Posteas,planet earth,0,1
2018-09-13 10:28:45,b'Modular sofa SHIRAZ by Farah Ebrahimi and Philipp Mainzer for e15 #farahebrahimi #philippmainzer #sofa #shiraz #e15\xe2\x80\xa6 https://t.co/mRkcSXBFwH',E15furniture,E15furniture,,1,2
2018-09-13 10:26:07,b'RT @LordsWines: Lord\xe2\x80\x99s Wines- Cape Wine 2018\nStall U181\n_\n#capewine2018 #capetown #lordswines #mcgregor #mcc #sauvignonblanc #pinotnoirrose\xe2\x80\xa6',Go Places Digital,goplacesdigital,Nairobi,5,0
2018-09-13 10:18:18,"b'RT @paulandersonfco: Driving from #Shiraz to #Yazd, we pass this by the side of the road in delightful #Abarkuh. It is (I think) a #Qajar-e\xe2\x80\xa6'",Jonathan Moss,Jonmoss666,,5,0
2018-09-13 09:43:17,b'RT @LordsWines: Lord\xe2\x80\x99s Wines- Cape Wine 2018\nStall U181\n_\n#capewine2018 #capetown #lordswines #mcgregor #mcc #sauvignonblanc #pinotnoirrose\xe2\x80\xa6',East House PR,EastHousePR,,5,0
2018-09-13 09:43:02,b'RT @LordsWines: Lord\xe2\x80\x99s Wines- Cape Wine 2018\nStall U181\n_\n#capewine2018 #capetown #lordswines #mcgregor #mcc #sauvignonblanc #pinotnoirrose\xe2\x80\xa6',Jacob O,Oh_Mr_Jacob,,5,0
2018-09-13 09:41:57,b'RT @LordsWines: Lord\xe2\x80\x99s Wines- Cape Wine 2018\nStall U181\n_\n#capewine2018 #capetown #lordswines #mcgregor #mcc #sauvignonblanc #pinotnoirrose\xe2\x80\xa6',Michelle Oosthuizen,Mish_Oosthuizen,,5,0
2018-09-13 09:37:38,b'RT @LordsWines: Lord\xe2\x80\x99s Wines- Cape Wine 2018\nStall U181\n_\n#capewine2018 #capetown #lordswines #mcgregor #mcc #sauvignonblanc #pinotnoirrose\xe2\x80\xa6',CapeWine2018,CapeWine2018,"South Africa, CTICC",5,0
2018-09-13 09:37:13,b'Lord\xe2\x80\x99s Wines- Cape Wine 2018\nStall U181\n_\n#capewine2018 #capetown #lordswines #mcgregor #mcc #sauvignonblanc\xe2\x80\xa6 https://t.co/igLDDnnD1p',Lord's Wines,LordsWines,McGregor/Robertson,5,7
2018-09-13 09:00:28,"b'A single varietal Shiraz by Iona Wines in Elgin, South Africa, handpicked and destemmed without crushing. \nOrder fr\xe2\x80\xa6 https://t.co/SULXEXAyIb'",Hard to Find Wines,HardtoFindWines,"Worfield, Shropshire",1,5
2018-09-13 08:08:50,"b'RT @rhebokskloof: Meet our winemaker, Rolanie Lotz, at #capewine2018 \n\n#capewine #paarl #rhebokskloof #wine #winemaker #shiraz #wosa #visit\xe2\x80\xa6'",CapeWine2018,CapeWine2018,"South Africa, CTICC",2,0
2018-09-13 08:02:10,b'The #TravellingCups visiting the Winelands in #southafrica. https://t.co/OSllQI6qnN\n\n#wine #shiraz #syrah #wein\xe2\x80\xa6 https://t.co/z8iypkCvYs',Maren Watzkat,FollowUsMaMa,,0,1
2018-09-13 08:01:38,"b'Meet our winemaker, Rolanie Lotz, at #capewine2018 \n\n#capewine #paarl #rhebokskloof #wine #winemaker #shiraz #wosa\xe2\x80\xa6 https://t.co/898M2GxiOP'",Rhebokskloof  Wine,rhebokskloof,"Paarl, South Africa",2,3
2018-09-13 07:17:25,"b""RT @nazan_Taheri: Five #Baha'icitizens in #Shiraz have been sentenced to 1 year in exile and 1 year in prison each. Neither they nor their\xe2\x80\xa6""",ahmad.yaganegi,ahmad_yaganegi,United States,1,0
2018-09-13 07:05:41,"b""Five #Baha'icitizens in #Shiraz have been sentenced to 1 year in exile and 1 year in prison each. Neither they nor\xe2\x80\xa6 https://t.co/XgI5mFWZy3""",Nazan,nazan_Taheri,,1,4
2018-09-13 07:00:59,"b'A firm favourite on the tables of wine enthusiasts... The clayey soils of our #Shiraz vineyards are limestone-rich,\xe2\x80\xa6 https://t.co/Ef4JWTidB6'",Zandvliet Wine,ZandvlietWine,"Ashton, Western Cape",2,4
2018-09-13 06:12:29,"b'RT @paulandersonfco: Driving from #Shiraz to #Yazd, we pass this by the side of the road in delightful #Abarkuh. It is (I think) a #Qajar-e\xe2\x80\xa6'",Mazi's Opinion.com,MazisOpinioncom,Visit our Website @,5,0
2018-09-13 01:31:07,b'RT @TheSpitter: We posted 22 syrah notes over the weekend at GOW from across BC and around the globe. https://t.co/I0Vszg5TiR  #shiraz #qua\xe2\x80\xa6',BC Wine Lover,BCWineLover,"Vancouver, BC, Canada",1,0
2018-09-13 00:35:14,b'Cool climate Oz #shiraz ? No way? Maybe cool climate Okanagan or Whitehorse. Cowboys do drink when when not handlin\xe2\x80\xa6 https://t.co/jelzpOxUMj',Wine Boy,winemanboy,Canada,0,1
2018-09-13 00:04:41,b'.@McPhersonWineCo Shiraz Mourvedre 2016 - terrific value oriented Aussie red blend from central Victoria. Varietals\xe2\x80\xa6 https://t.co/CdUD9lCoSj',S Hemisphere Wines,southernwinesca,"Huntington Beach, California",0,2
2018-09-12 22:52:39,b'\xf0\x9f\x99\x8f to our supporters! Launch successful. Members Dinner done for another year. #newmerch #HEADWines #Barossa #Sydney\xe2\x80\xa6 https://t.co/SVHcCq8k6G',Alex Head,AlexHeadWine,Barossa Valley/Sydney,0,1
2018-09-12 22:45:51,b'Well this was a blast! Thanks to all the fellow wine lovers who came to the New World Vs Old World wine tasting ton\xe2\x80\xa6 https://t.co/KsX3kZeQgw',Albertine,albertineLDN,"Shepherds Bush,London, England",0,2
2018-09-12 21:57:13,"b'RT @wineblogman: 04 Kilikanoon R Reserve Barossa Valley #Shiraz. PnP. Good cork &amp; fill. No sign of fatigue. Big Barossa nose of dark berry,\xe2\x80\xa6'",Shilo Allan Walter Wilson,WilsonShilo,,2,0
2018-09-12 21:29:04,b'Visiting Shiraz!\n\n#iran #travel #holiday #adventure #shiraz #friends #smiles https://t.co/xZycXqdVoL',Keith Wellings,keiththepiper,United Kingdom,0,5
2018-09-12 19:31:58,"b'RT @paulandersonfco: Driving from #Shiraz to #Yazd, we pass this by the side of the road in delightful #Abarkuh. It is (I think) a #Qajar-e\xe2\x80\xa6'",Maria VlƒÉsceanu,MariaVlasceanu,"Bucuresti, Romania",5,0
2018-09-12 18:39:08,"b'RT @paulandersonfco: Driving from #Shiraz to #Yazd, we pass this by the side of the road in delightful #Abarkuh. It is (I think) a #Qajar-e\xe2\x80\xa6'",mojtaba,mojtaba81682868,Islamic Republic of Iran,5,0
2018-09-12 15:51:46,b'Who needs the gym? Punching down Syrah does the trick! \xf0\x9f\x92\xaa\n\n#wineworkout #pigeage #punchdown #syrah #shiraz #wine\xe2\x80\xa6 https://t.co/q51TmE7xbO',Scott,scottishwino,"Glasgow, Scotland",0,0
2018-09-12 10:03:14,"b'A bottle of Grange 1951 went under the hammer for AUD 67,001 at Langton\xe2\x80\x99s. It was made by 100% Shiraz. Today fewer\xe2\x80\xa6 https://t.co/aSw6P4EcTJ'",AWI,auswineinfo,"Adelaide, South Australia",0,1
2018-09-12 09:00:06,"b'Driving from #Shiraz to #Yazd, we pass this by the side of the road in delightful #Abarkuh. It is (I think) a\xe2\x80\xa6 https://t.co/h1yPu4V0s4'",Paul Anderson,paulandersonfco,Tehran,5,28
2018-09-12 07:19:09,"b""It's #WineWednesday and we're showcasing our #CWSA2018 Gold Medal Winner 2016 TOKARA Shiraz! #CWSA #Shiraz #TOKARA\xe2\x80\xa6 https://t.co/mTqAVACKNk""",TOKARA,tokara_farms,Stellenbosch & Elgin,0,1
2018-09-12 06:38:58,b'RT @IranFrontPage: Masghati &amp; Cookie: Yummy Souvenirs of #shiraz https://t.co/PzX5x9rAyx https://t.co/MVGZCd5thm',Nirvanaa1996,nirvanaa1996,,2,0
2018-09-12 06:30:41,"b'@suziday123 I was looking for a #Shiraz version, could not locate one, so champagne it was, 40000 is impressive, me\xe2\x80\xa6 https://t.co/PFNGmllNbr'",AL Rurenga,ALRurenga,NSW in Australia,0,0
2018-09-12 05:00:31,"b'The tomb of #Hafez ""Hafeziyeh"", Great spiritual atmosphere!\n\nDon\xe2\x80\x99t forget #Shiraz is famous for the great Persian p\xe2\x80\xa6 https://t.co/PhBnjxTo6R'",Tour to Persia,PersiaTo,,0,0
2018-09-12 02:47:35,"b'RT @emilyjodell: On #WorldRefugeeDay, remembering these #Afghan #refugees in #Iran reciting #Persian #poetry at the shrine of #Saadi in #Sh\xe2\x80\xa6'",Dr. Emily Jane O'Dell,emilyjodell,Occupied Long Tidal River,1,0
2018-09-12 02:30:53,"b'RT @emilyjodell: Bought this shirt etched w. #Hafiz #poetry last week in #Shiraz, while giving several lectures in #Iran...#persian #sufism\xe2\x80\xa6'",Dr. Emily Jane O'Dell,emilyjodell,Occupied Long Tidal River,1,0
2018-09-12 02:30:24,"b'RT @emilyjodell: Seriously, come visit #Shiraz -- if you are from #Oman, you can get a visa to #Iran in just 1 hour! https://t.co/UrrKoumhO\xe2\x80\xa6'",Dr. Emily Jane O'Dell,emilyjodell,Occupied Long Tidal River,5,0
2018-09-12 02:29:46,"b'RT @emilyjodell: Went looking in my files for a foto of the #USA flag &amp; found this one of me with the flag in #Shiraz, #Iran! #FourthofJuly\xe2\x80\xa6'",Dr. Emily Jane O'Dell,emilyjodell,Occupied Long Tidal River,2,0
2018-09-12 02:27:52,b'RT @emilyjodell: @real_iran And get your senses whirling! #Iran #Shiraz #gardening #history #travel https://t.co/HP6HLvYObt',Dr. Emily Jane O'Dell,emilyjodell,Occupied Long Tidal River,3,0
2018-09-12 02:27:36,b'RT @emilyjodell: Happy to see so many of my favorite places in #Iran mentioned in this @cnn #travel article https://t.co/3xSV2K6UTI #Shiraz\xe2\x80\xa6',Dr. Emily Jane O'Dell,emilyjodell,Occupied Long Tidal River,3,0
2018-09-12 01:48:12,"b'Feeling sorta Barossa tonight... #2005 #shiraz #mysaturdaynight #stillkindamybirthday #aussiewine @ Hercules, Calif\xe2\x80\xa6 https://t.co/jXNZ8NgT0e'",Mike Stone,tallmikewine69,Northern Cali,0,0
2018-09-11 23:09:27,"b""Meet the new producer in our portfolio: Jim Barry Wines of Australia's Clare Valley. Iconic #wine family &amp; benchmar\xe2\x80\xa6 https://t.co/ONhdEuPKrf""",Loosen Bros. USA,LoosenBrosUSA,"Oregon City, Oregon, USA",0,2
2018-09-11 22:55:45,b'RT @ArtPoemPeace: Wonderful work of #art \n#Shiraz #Iran https://t.co/Oqo1y8Lv3q',petra,1954candanga,,3,0
2018-09-11 22:24:43,b'RT @tarasharmasaluj: So enjoyed this! Well done all involved..haaha yes the two full on kisses in #Shiraz surprised us too @ShankarAnoushka\xe2\x80\xa6',Kath Pick,KathPick1,,1,0
2018-09-11 22:17:09,"b'Frog stomp! Chateauneuf du Pape Syrah. Thanks @GGonnetvigneron Chateauneuf Gun , for my own little parcel. \n#syrah\xe2\x80\xa6 https://t.co/SJs6EgJfUn'",Mark Pearce,KellermeisterBV,"Barossa, South Australia",0,5
2018-09-11 21:37:44,"b'This #Shiraz has fruity, smokey tasting notes striking memories of bonfires and orange hues. We enjoyed this wine w\xe2\x80\xa6 https://t.co/jK111DkhZp'",The Sussex Vintner,sussexvintner,Sussex ,0,0
2018-09-11 21:37:42,b'This evening I enjoyed and absolutely delightful 2017 #Shiraz Barossa Valley from Iron Horse with a fellow connoiss\xe2\x80\xa6 https://t.co/cVpk8Nb3i0',The Sussex Vintner,sussexvintner,Sussex ,0,0
2018-09-11 20:07:40,b'RT @WineBid: Add these renowned #wines and stories from the #WineBid auction to your #cellar. https://t.co/Dka0mUwGte #PenfoldsBin #Penfold\xe2\x80\xa6',Kari Fowler,kari_fowler,,1,0
2018-09-11 19:37:52,b'Perfect ways to teach is  like this...\xf0\x9f\x98\x8a\n. .\n.\n#shiraz #piano #child #musiclearning #lovepiano #lovemusic\xe2\x80\xa6 https://t.co/56GxHDN8RD',Maral,Maral_shad_,Shiraz iran,0,2
2018-09-11 19:01:11,b'Add these renowned #wines and stories from the #WineBid auction to your #cellar. https://t.co/Dka0mUwGte\xe2\x80\xa6 https://t.co/5AufRSNrVe',WineBid,WineBid,"Napa Valley, California",1,4
2018-09-11 18:02:30,b'\xe2\x9a\x94\xef\xb8\x8fShiraz Vs syrah \xe2\x9a\x94\xef\xb8\x8f Two stunning expressions of the same noble grape will be facing eachother tomorrow at the New\xe2\x80\xa6 https://t.co/sZI5PXLE7c',Albertine,albertineLDN,"Shepherds Bush,London, England",0,2
2018-09-11 16:55:57,b'We posted 22 syrah notes over the weekend at GOW from across BC and around the globe. https://t.co/I0Vszg5TiR\xe2\x80\xa6 https://t.co/JNCGmbrYwn',Anthony Gismondi,TheSpitter,Vancouver,1,5
2018-09-11 15:42:54,b'RT @wine_quotes: Want to choose a good bottle of wine every time? https://t.co/8sxoNLitFR  \n#veneto #chardonnay #shiraz #redwine #buyitnow\xe2\x80\xa6',Foodmanufacturinguk,FoodmfgUK,Manchester,1,0
2018-09-11 15:38:08,b'Want to choose a good bottle of wine every time? https://t.co/8sxoNLitFR  \n#veneto #chardonnay #shiraz #redwine\xe2\x80\xa6 https://t.co/cF3UJJ2pga',Love your,wine_quotes,"South East, England",1,0
2018-09-11 12:40:07,b'Chargrilled #Steak #WinePairings : Pair with new-world fruity #reds. Choose from a list of #Australian and\xe2\x80\xa6 https://t.co/ZqKHYtfU4R',TheDrinkShop,TheDrinkShop,"Ramsgate, Kent",0,0
2018-09-11 11:18:56,b'This dutschkewines #blend is next level! It has all the key elements of each grape. The blend is a #shiraz\xe2\x80\xa6 https://t.co/n9o1ZHBWTK',Michael Herridge,MichaelHerridg1,"Brisbane, Queensland",0,1
2018-09-11 10:53:09,b'Masghati &amp; Cookie: Yummy Souvenirs of #shiraz https://t.co/PzX5x9rAyx https://t.co/MVGZCd5thm',Iran Front Page,IranFrontPage,,2,1
2018-09-11 10:11:45,b'After work drinks ?? \xf0\x9f\x8d\xb7\xf0\x9f\x8d\xb7\n.\n.\n\n#rocandrye #manchester #aftetwork #drinks #tuesday #midweekmotivation #holdtight\xe2\x80\xa6 https://t.co/p36HDCdgSS',Roc & Rye,rocandrye,60 Spring Gardens - Manchester,0,1
2018-09-11 08:37:59,b'Mantra for life #outwitoutplayoutlast #brisbane #brisbaneiscancelled #survivor #wine #shiraz #booze https://t.co/4SBeDDSGAt',Laura,LusciousLaura,Melbs. via Perthlandia,0,0
2018-09-11 06:57:53,b'RT @sagarfashionbl1: @laiqaHasan posing at the September Soir\xc3\xa9e Party By shoaib Baqai @Afkarachi with #Shoaibbaqai @aamnailyas @zhalay  #Na\xe2\x80\xa6',Alliance Fran√ßaise Karachi,AFKarachi,"Karachi, Pakistan",2,0
2018-09-11 06:30:21,"b""\xe2\x9c\xa8 WIZARD'S CHOICE \xe2\x9c\xa8\n\nThe 2015 @ZandvlietWine Shiraz enchants the wizard. See its results here &gt;\xe2\x80\xa6 https://t.co/EPvqDqtgPd""",Wine Wizard,michaelfridjhon,South Africa,0,4
2018-09-11 06:08:04,"b""'The power and might of this single block high in the hills of Ebenezer in the northern #Barossa effortlessly swall\xe2\x80\xa6 https://t.co/gnfGu41IiB""",barossamag,barossamag,Barossa Valley,0,0
2018-09-11 00:07:34,b'Should we do a mixed case of Leeuwin Estate Wines? Some of Australia\xe2\x80\x99s best all in one box? #smashvino\xe2\x80\xa6 https://t.co/BV3vwioUvo',Smash Vino,smash_vino,Australia,0,0
2018-09-10 22:20:06,"b'RT @pedestrian: As the light bends to the warrior. \nThe flag of #Ashura is raised at Shahcheragh (Lord of Light) Shrine, #Shiraz, Iran http\xe2\x80\xa6'",Ladan Khoddam-Khorasani ŸÑÿßÿØŸÜ,lkhoddam,"San Francisco, CA",9,0
2018-09-10 21:52:03,b'First wine tasting with the group. Going through our major grape varieties and their hallmarks. caps.ontario\xe2\x80\xa6 https://t.co/JBE2JdlZYT',Sade Forever,_Cee_Squared,"Toronto, Ontario",0,0
2018-09-10 21:12:15,"b'RT @pedestrian: As the light bends to the warrior. \nThe flag of #Ashura is raised at Shahcheragh (Lord of Light) Shrine, #Shiraz, Iran http\xe2\x80\xa6'",Ali Ajwad,Aly_VetDoc,,9,0
2018-09-10 20:58:18,"b'#Iran leader\'s representative in #Shiraz,Dezhkaam:""we are not limited to borders, our soldiers are now fighting in\xe2\x80\xa6 https://t.co/P3OpoByrxU'",George Greene,GGreeneJr,,0,0
2018-09-10 18:13:13,"b'RT @pedestrian: As the light bends to the warrior. \nThe flag of #Ashura is raised at Shahcheragh (Lord of Light) Shrine, #Shiraz, Iran http\xe2\x80\xa6'",ÿ´ŸÜÿß,sanasalamiii,"California, USA",9,0
2018-09-10 17:50:34,"b'RT @pedestrian: As the light bends to the warrior. \nThe flag of #Ashura is raised at Shahcheragh (Lord of Light) Shrine, #Shiraz, Iran http\xe2\x80\xa6'",Olijaan ÿßŸèŸÑ€åÿ¨ÿßŸÜ,olijaan,Paris/London,9,0
2018-09-10 17:31:10,"b'RT @pedestrian: As the light bends to the warrior. \nThe flag of #Ashura is raised at Shahcheragh (Lord of Light) Shrine, #Shiraz, Iran http\xe2\x80\xa6'",ProSyria üá∏üáæüá≥üáø,ProSyria1,"Auckland, New Zealand",9,0
2018-09-10 15:35:20,b'RT @wine_quotes: Want to choose a good bottle of wine every time? https://t.co/8sxoNLitFR \n#ruwines #veneto #chardonnay #shiraz #redwine #b\xe2\x80\xa6',Food_Wine_Guru,RealSheenaSalah,"Woburn, England",4,0
2018-09-10 15:28:58,b'RT @wine_quotes: Want to choose a good bottle of wine every time? https://t.co/8sxoNLitFR \n#ruwines #veneto #chardonnay #shiraz #redwine #b\xe2\x80\xa6',UKWineMerchant,UKWineMerchant,UK,4,0
2018-09-10 15:28:22,"b'RT @pedestrian: As the light bends to the warrior. \nThe flag of #Ashura is raised at Shahcheragh (Lord of Light) Shrine, #Shiraz, Iran http\xe2\x80\xa6'",Ghadeer A,GhadeerA87,"Chicago, IL",9,0
2018-09-10 14:57:51,b'RT @wine_quotes: Want to choose a good bottle of wine every time? https://t.co/8sxoNLitFR \n#ruwines #veneto #chardonnay #shiraz #redwine #b\xe2\x80\xa6',Foodmanufacturinguk,FoodmfgUK,Manchester,4,0
2018-09-10 14:55:44,b'Want to choose a good bottle of wine every time? https://t.co/8sxoNLitFR \n#ruwines #veneto #chardonnay #shiraz\xe2\x80\xa6 https://t.co/Ii5gWyN7d9',Love your,wine_quotes,"South East, England",4,3
2018-09-10 13:46:31,"b""Every day is full of surprises. It is always better to have a bottle beside you, cause you'll never know when you n\xe2\x80\xa6 https://t.co/47xENHc1V8""",Bidvino,bidvino,Hong Kong,0,1
2018-09-10 13:37:53,"b'Honestly, charmaineqsm william6889 this is really damn good. Rating 3.8! Almost 4! I consider very good! Actually i\xe2\x80\xa6 https://t.co/L5BjsrtdSI'",William Wilstroth,Wilstroth,"Penang, Malaysia",0,0
2018-09-10 13:37:22,"b'RT @pedestrian: As the light bends to the warrior. \nThe flag of #Ashura is raised at Shahcheragh (Lord of Light) Shrine, #Shiraz, Iran http\xe2\x80\xa6'",zaiŸÜab,zjuhfri,,9,0
2018-09-10 13:01:35,"b'RT @pedestrian: As the light bends to the warrior. \nThe flag of #Ashura is raised at Shahcheragh (Lord of Light) Shrine, #Shiraz, Iran http\xe2\x80\xa6'",shah üñå,shahrxze,Amiskwaskahegan,9,0
2018-09-10 13:01:03,b'.\n\xf0\x9f\xa4\xa0\nSHOP KEEPER\n.\n#Fujifilm #xh1 #classicchrome Color +1\n.\n#travel #shiraz #iran #color #colour #boy #kid #latepost\xe2\x80\xa6 https://t.co/a0biFW7XOB',Gathot Subroto,gathoe18,"√úT: -7.445404,112.705412",0,0
2018-09-10 12:40:42,"b'As the light bends to the warrior. \nThe flag of #Ashura is raised at Shahcheragh (Lord of Light) Shrine, #Shiraz, I\xe2\x80\xa6 https://t.co/EAajr1T4KM'",Dirt Road,pedestrian,,9,33
2018-09-10 11:16:20,b'Visiting #Tomb_of_Hafez is one of top ranked activities to do in #Shiraz\nHe was a persian poet who is still well re\xe2\x80\xa6 https://t.co/gfi4YFwPWn',Persia Traveling,MehdiGharib1,"Shiraz, Iran",0,0
2018-09-10 10:38:35,"b""It's Wine O'Clock! \xf0\x9f\x98\x83\xf0\x9f\x8d\xb7\n\nViewings taking place today till 4pm, Wednesday 10am till 4pm and Thursday 12noon-1.45pm.\n\nC\xe2\x80\xa6 https://t.co/hZx1fqPDyZ""",Biddle & Webb Auctioneers,BiddleandWebb_,B16 0PP,0,2
2018-09-10 08:35:44,"b""Serve it blind to any self-respecting Barossa lover and watch them guess it\xe2\x80\x99s worth double the price...' For the fu\xe2\x80\xa6 https://t.co/r52uJlmGa5""",barossamag,barossamag,Barossa Valley,0,0
2018-09-10 08:19:05,"b'@catherinerusse2 @BigRichFilms Looking like a proper Hollywood actress Catherine x x x \nLoving the style, what a wo\xe2\x80\xa6 https://t.co/7asVrlqn0u'",hannah Loble,Hanny1993xxxx,"South East, England",0,0
2018-09-10 07:10:14,b'Kevin has a masters in marketing &amp; Phil completed his masters degree in oenology. Both bring a strong passion for t\xe2\x80\xa6 https://t.co/PTf16W8ezB',UBERTAS WINES ,UBERTASWINES,"Nuriootpa, South Australia",0,0
2018-09-10 05:51:52,b'Rupee fall pros and cons https://t.co/s1XNYNqrVc\n\n#tehran #muscat #baghdad #luxor #damascus Kuwait #jeddah #giza\xe2\x80\xa6 https://t.co/u3zdDCtblw',harsha.a,harsha0498,India,0,0
2018-09-10 03:01:07,"b'#Shiraz is the city of Roses, Love, Poetry, beautiful charming gardens and magnificent architecture. #luxury #travel https://t.co/qpICf1BHqp'",Hui Couture,HuiCouture,The World,0,0
2018-09-10 00:34:05,b'Drinking my shiraz tonight because I love wine and term one is almost done for grad school #shiraz #wine #ILoveWine\xe2\x80\xa6 https://t.co/LyVpFEp0g4',üìùüìö‚úí,EveryInkSpot,,0,3
2018-09-10 00:17:49,"b'@winewankers and #CokeNoSugar, its now 4. #Shiraz is best'",AL Rurenga,ALRurenga,NSW in Australia,0,1
2018-09-09 22:50:19,b'Sunday wine #Shiraz #wine https://t.co/kmLVlwwBTd',Liliana üßùüèº‚Äç‚ôÄÔ∏è,lilly__rds,"Tijuana, Baja California",0,0
2018-09-09 21:49:24,"b""RT @4freedominiran2: Iranian Resistance Units While the name of the People's Mojahedin Organization of Iran\xe2\x80\x8c (#PMOI\\#MEK) is forbidden in #\xe2\x80\xa6""",Mansoor,Mansoorsokay,Canada,43,0
2018-09-09 19:10:48,b'RT @AlBizri_Chehade: #Iran\n#FreeIran2018\n#FreeIran\n#IranProtest\n#IranProrests\n#IranProtesters\n#IranUprising\n#IranUprisings\n#RegimeChange\n#T\xe2\x80\xa6',Zeeza,AlBizri_Chehade,USA,2,0
2018-09-09 19:06:49,b'RT @ENO_WorldWine: Not a bad start for this week of tastings. My 2 favorite red varieties in SA anyway. And two amazingly well aged wines #\xe2\x80\xa6',WOSA Germany,WOSA_DE,Baden-Baden,2,0
2018-09-09 18:24:47,"b'Two great meals in one week from Chef @bboghosian &amp; our out-of-town guests, jmanning2312 &amp; Pete! #porkloin #ribeye\xe2\x80\xa6 https://t.co/W0ols4IeGI'",Bar We There Yet?,BarWeThereYet,"San Diego, CA",0,0
2018-09-09 18:24:19,"b'RT @womenncri: #Shiraz remembers Fatemeh Zare\xe2\x80\x99ii, the PMOI\xe2\x80\x99s candidate for the first parliamentary elections in #Iran. \nShe was executed in\xe2\x80\xa6'",shahriyar_shirzad,shahriyar_shir,,12,0
2018-09-09 18:19:08,b'RT @davidjones2812: #Wine night #HunterValley #shiraz https://t.co/jjWwRsAx6D',Marisa MS,MarisaSeville,Spain,1,0
2018-09-09 18:00:03,b'RT @ENO_WorldWine: Not a bad start for this week of tastings. My 2 favorite red varieties in SA anyway. And two amazingly well aged wines #\xe2\x80\xa6',The Pinotage Bot,PinotageBot,"Cape Town, South Africa",2,0
2018-09-09 17:54:55,b'Not a bad start for this week of tastings. My 2 favorite red varieties in SA anyway. And two amazingly well aged wi\xe2\x80\xa6 https://t.co/z688Fu3jJb',enos Magazin,ENO_WorldWine,Hamburg,2,11
2018-09-09 17:48:11,b'RT @ShirazLb: Sleeping beauty \xf0\x9f\x8f\xb9\xe2\x98\x81\xef\xb8\x8f #shiraz #\xd8\xb4\xd9\x8a\xd8\xb1\xd8\xa7\xd8\xb2 #\xd8\xa3\xd8\xac\xd9\x85\xd9\x84_\xd9\x88\xd8\xa7\xd8\xad\xd8\xaf\xd8\xa9 #night https://t.co/L6QOC0Jexa',Jamil Abou Karroum,jamil_ak3,Lebanon,7,0
2018-09-09 17:30:08,b'Sublime #architechiture. #travel #shiraz #photo #tourism https://t.co/YesbnhOSA4',Passion4Travel Joey,passion4travel,United States,1,1
2018-09-09 17:22:12,b'RT @VondelingWines: Lazy #sunday afternoons call for a bottle of fine red #wine. How about our Baldrick #Shiraz?\n\n#photography #RedWine\n#Su\xe2\x80\xa6',Francois van Wyk,FjvWyk,"Wellington, South Africa",3,0
2018-09-09 17:15:03,b'RT @NolwaziDhlamini: Wine pairing night with the girls \xf0\x9f\x92\x9b\n\n#Wine #WineLover #winetasting #winery #winelovers #winepairing #Pinotage #Merlot\xe2\x80\xa6',The Pinotage Bot,PinotageBot,"Cape Town, South Africa",1,0
2018-09-09 17:11:08,b'Wine pairing night with the girls \xf0\x9f\x92\x9b\n\n#Wine #WineLover #winetasting #winery #winelovers #winepairing #Pinotage\xe2\x80\xa6 https://t.co/8TjH6gehDp',Nolwazi Dhlamini,NolwaziDhlamini,Mellowville,1,0
2018-09-09 16:48:27,b'So enjoyed this! Well done all involved..haaha yes the two full on kisses in #Shiraz surprised us too\xe2\x80\xa6 https://t.co/LW5qJ5KM3W',Tara Sharma Saluja,tarasharmasaluj,"Mumbai, India",1,5
2018-09-09 16:34:14,"b'Not all girls are made of sugar and spice and everything nice\xe2\x80\xa6\n\nSome of us are made of sarcasm, wine and everything\xe2\x80\xa6 https://t.co/Gk79rIodJj'",ANOVA Wines,AnovaWines,,0,1
2018-09-09 16:33:06,"b'In birdsong news, Fat Lazy Robin who lives in my garden is doing the \xe2\x80\x98danger below\xe2\x80\x99 squawk. That\xe2\x80\x99ll be me  &amp; my win\xe2\x80\xa6 https://t.co/xFGjR6K16A'",dave maynard,moanyoldgit,slondon,0,0
2018-09-09 16:27:03,"b'Patience is not the ability to wait, but the ability to keep a good attitude while waiting. \n\nANOVA will be with yo\xe2\x80\xa6 https://t.co/hqAuKIvoYN'",ANOVA Wines,AnovaWines,,0,1
2018-09-09 16:25:04,"b'I stand with her, not against her. \nWe\xe2\x80\x99re all working together. That\xe2\x80\x99s the secret...\n\n#Anova #AnovaWines #SenseLab\xe2\x80\xa6 https://t.co/hEiddqy0Ls'",ANOVA Wines,AnovaWines,,0,0
2018-09-09 16:20:03,"b'An ANOVA wine will be a bespoke addition to any wine collection, social gathering or wine connoisseur. \n\n#Anova\xe2\x80\xa6 https://t.co/GBGzzpPeVH'",ANOVA Wines,AnovaWines,,0,0
2018-09-09 16:17:12,b'Keep your eyes and ears open to how you can own a bottle of the finest Shiraz South Africa has to offer...\n\n#Anova\xe2\x80\xa6 https://t.co/HNjxtxYwUJ',ANOVA Wines,AnovaWines,,0,0
2018-09-09 16:14:15,b'Tired of not having a wine to suit you?\n\nWe use science when blending the perfect Shiraz.  \n\n#Anova #AnovaWines\xe2\x80\xa6 https://t.co/rVlXfRK5S2',ANOVA Wines,AnovaWines,,0,0
2018-09-09 16:10:03,"b""If you can find a path with no obstacles, it probably doesn't lead anywhere. \n\nWelcome to ANOVA. \n\n#Anova\xe2\x80\xa6 https://t.co/0fOeikTukT""",ANOVA Wines,AnovaWines,,0,0
2018-09-09 15:09:25,b'Tonight I\xe2\x80\x99m on the #Indian #Cabernet #shiraz ... very nice it is too #fruits #berries #oldtuktuk #india_everyday\xe2\x80\xa6 https://t.co/4U1MJsaDhN',Neil Hennessy-Vass,shootingpic,"London, England",0,0
2018-09-09 15:09:05,b'RT @VondelingWines: Lazy #sunday afternoons call for a bottle of fine red #wine. How about our Baldrick #Shiraz?\n\n#photography #RedWine\n#Su\xe2\x80\xa6',Shiraz_SA,Shiraz_SA,SA,3,0
2018-09-09 15:06:20,b'RT @VondelingWines: Lazy #sunday afternoons call for a bottle of fine red #wine. How about our Baldrick #Shiraz?\n\n#photography #RedWine\n#Su\xe2\x80\xa6',KyleLikesWine,KyleLikesWine,"Cape Town, RSA",3,0
2018-09-09 15:05:43,b'@vastokc premiumbrands @darioushwinery #shiraz #yum #2011 #eatngoodintheneighborhood #okc https://t.co/KQTaeNBiFN',Scott M. Witherby,Bowtiewineguy,,0,1
2018-09-09 15:03:33,b'Lazy #sunday afternoons call for a bottle of fine red #wine. How about our Baldrick #Shiraz?\n\n#photography #RedWine\xe2\x80\xa6 https://t.co/jNQIV38S4n',Vondeling Wines,VondelingWines,Paardeberg,3,13
2018-09-09 14:34:20,b'Do not lose visiting the #shah_cheragh mausoleum in traveling to #Shiraz!\nIt is the most important #Islamic_sites a\xe2\x80\xa6 https://t.co/d1uWq8LiC6',Omidan Travel,OmidanTravel,Islamic Republic of Iran,0,0
2018-09-09 12:58:55,b'Iran&amp;#39;s leopard image recorded for first time in Bakhtegan  #Leopard #SHIRAZ  https://t.co/WxqZ2cT9JA',English NEWS,IRNANews,,0,0
2018-09-09 12:03:52,"b'RT @aminismyname: Tourists rushed to visit #Shiraz.\n65% of hotels booked by foreigners. \nMarch, April and May, high season in #Iran.\nhttps:\xe2\x80\xa6'",Kroraina Kroraimna,KuhaniKuvani,Hidden Islands,5,0
2018-09-09 11:42:22,b'@laiqaHasan posing at the September Soir\xc3\xa9e Party By shoaib Baqai @Afkarachi with #Shoaibbaqai @aamnailyas @zhalay\xe2\x80\xa6 https://t.co/fAfcaLcbbf',sagarfashionblog,sagarfashionbl1,"Karachi, Pakistan",2,1
2018-09-09 11:00:11,"b""Consistently one of #australia's greatest #shiraz wines and so often overlooked in favour of the big Barossa counte\xe2\x80\xa6 https://t.co/Qgk0YkAJnD""",JMcG,jmcgvino,"Perth, Australia",0,0
2018-09-09 06:06:25,b'RT @armadalecellars: We love an Aussie icon. Join our #Shiraz #Challenge to how you rank the @Penfolds #Grange. https://t.co/LVFrP3mEwF You\xe2\x80\xa6',Hentley Farm,HentleyFarm,"Barossa Valley, SA, Australia ",1,0
2018-09-09 05:51:42,b'We love an Aussie icon. Join our #Shiraz #Challenge to how you rank the @Penfolds #Grange. https://t.co/LVFrP3mEwF\xe2\x80\xa6 https://t.co/NpX1yPlgzM',Armadale Cellars,armadalecellars,"Melbourne, Australia",1,3
2018-09-09 05:23:36,b'RT @vashtiroebuck1: WINE IN THE GLASS\n\nhttps://t.co/hTwVCCpVst\n\n#wine #Merlot #PinotNoir #chardonnay #cabernetsauvignon #syrah #shiraz #win\xe2\x80\xa6',Vashti C Roebuck,vashtiroebuck1,"Las Vegas, NV",57,0
2018-09-09 04:30:47,b'#Amazing #Shapouri #historic #House and #garden with #Stunning #view of #Iranian #architecture at #night #Iran\xe2\x80\xa6 https://t.co/WeVoEHNnJe',Derak Shiraz Tour & Travel Agency,deraktravel,"Felestin St, Shiraz, Iran",0,0
2018-09-09 04:20:01,b'I love finding random bottles in gift bags! Hello there @penfolds 2014 Shiraz Cabernet\n-\n-\n-\n#igersvancouver #yvr\xe2\x80\xa6 https://t.co/EoMhL3S2N2',Grace Lanuza,itsmegracel,"Vancouver, BC",0,1
2018-09-09 04:12:27,"b'RT @Maryam_Rajavi: Hail to arisen people &amp; youth in #Tehran, #Karaj, #Ghadarijan, #Qom, #Shiraz &amp; other cities who chanted \xe2\x80\x9cdeath to dictat\xe2\x80\xa6'",Maryam Rajavi,MaryamRajavi,,697,0
2018-09-09 04:11:59,"b'RT @Maryam_Rajavi: Hail to the arisen people of #Tehran, #Isfahan, #Shiraz, #Mashhad, #Karaj, Shahin Shahr, #Najafabad, #Ahvaz, #Arak, and\xe2\x80\xa6'",Maryam Rajavi,MaryamRajavi,,451,0
2018-09-09 04:11:48,"b'RT @Maryam_Rajavi: The Iranian people\xe2\x80\x99s nationwide uprising is growing by the day. Hail to the peoples of #Isfahan, Gohardasht of #Karaj, a\xe2\x80\xa6'",Maryam Rajavi,MaryamRajavi,,392,0
2018-09-09 04:09:05,"b""Chef culinaryqueenj9 ended the night at #shiraz #lasvegas nice and sweet with this #baklava #cake\n\nIf you haven't b\xe2\x80\xa6 https://t.co/86dZXztQb3""",endoedibles.com,endoedibles,"Las Vegas, NV",1,1
2018-09-09 02:00:17,"b'#Shiraz is the city of Roses, Love, Poetry, beautiful charming gardens and magnificent architecture. #luxury #travel https://t.co/tsRwPWO7un'",Hui Couture,HuiCouture,The World,0,0
2018-09-08 20:11:33,"b'So, Lee finally managed to get dressed and make it downstairs around 6pm, and he\xe2\x80\x99s just had some soup! Yaaaaaaaay!\xe2\x80\xa6 https://t.co/YrF15LqNL3'",Claire Hobden,AmboClaire,"Kent, UK",0,88
2018-09-08 17:35:12,"b'Today is a ""close the curtains, shut the world out, have a bath, cwtch up on the sofa and read a book"" sort of day\xe2\x80\xa6 https://t.co/7agRbo74qX'",Deens Dena üå∏,DeensDena,"Blackwood, Wales",0,12
2018-09-08 16:45:25,"b'One of my favourite Shiraz wines, ok maybe it\xe2\x80\x99s actually my favourite... ok it is my favourite! @shawandsmith\xe2\x80\xa6 https://t.co/MRdKu7eOHa'",beantastingwine,beantastingwine,"Bailiwick of Jersey, United Kingdom",0,1
2018-09-08 16:12:52,"b""RT @4freedominiran2: Iranian Resistance Units While the name of the People's Mojahedin Organization of Iran\xe2\x80\x8c (#PMOI\\#MEK) is forbidden in #\xe2\x80\xa6""",Sungmanitu1958,sungmanitu1958,"Toronto, Ontario",43,0
2018-09-08 15:42:00,"b""RT @4freedominiran2: Iranian Resistance Units While the name of the People's Mojahedin Organization of Iran\xe2\x80\x8c (#PMOI\\#MEK) is forbidden in #\xe2\x80\xa6""",Arash Caviani,arashcaviani,,43,0
2018-09-08 13:48:16,"b'RT @afshineemrani: Blowing of the #shofar,  \n#RoshHashanah services in a synagogue in\n#Shiraz, #Iran, circa 1973. https://t.co/cdd5cGzVJg'",Nangel,panolan2,,2,0
2018-09-08 12:34:19,"b'Yup, restricting myself to #Shiraz from about 7 different #Wineries https://t.co/OOaUVZWc2J'",AL Rurenga,ALRurenga,NSW in Australia,0,1
2018-09-08 11:46:51,b'RT @winecoza: Another #shiraz going at a higher price in #NedAuc2018 is @GrootConstantia 2009 Shiraz sold for R7500 https://t.co/Uhbfg47w59',Groot Constantia,GrootConstantia,"Constantia, Cape Town",2,0
2018-09-08 11:05:34,b'So it\xe2\x80\x99s the weekend and what better way to celebrate Saturday with my most #favourite #brand @tangledtree &amp; van_lov\xe2\x80\xa6 https://t.co/TcYWbrB0y8',Steff,stefschrage,,0,2
2018-09-08 10:58:46,b'Go here. Please do. Woah! \xf0\x9f\x92\x9c\n.\n.\n.\n#shiraz #shirazlover #touriga #wine #winepic #wineporn #winedinner #wow #igers\xe2\x80\xa6 https://t.co/yKx5DEojS9',Qwine,Qwine,Australia,0,1
2018-09-08 10:47:43,b'RT @ManettiVino: Terra Barossa Shiraz-Cabernet-Petit Verdot \xe2\x80\x93 Bursting With Flavor https://t.co/XqT8MKtelb via @ReverseWineSnob #winelover\xe2\x80\xa6',Annabelle McVine,winescribble,Cyprus,3,0
2018-09-08 10:20:15,b'RT @winecoza: Another #shiraz going at a higher price in #NedAuc2018 is @GrootConstantia 2009 Shiraz sold for R7500 https://t.co/Uhbfg47w59',Cape Vintner Classification,CVC1659,South Africa,2,0
2018-09-08 09:48:50,b'Another #shiraz going at a higher price in #NedAuc2018 is @GrootConstantia 2009 Shiraz sold for R7500 https://t.co/Uhbfg47w59',wine.co.za | SA Wine,winecoza,"South Africa, Somerset West",2,6
2018-09-08 09:37:01,b'RT @Diemersfontein: Yay a #QuestfortheBest Top 12 place for our #Diemersfontein #Shiraz 2017!! Same wine that was included in the @Shiraz_S\xe2\x80\xa6',Shiraz_SA,Shiraz_SA,SA,1,0
2018-09-08 08:35:37,"b""RT @4freedominiran2: Iranian Resistance Units While the name of the People's Mojahedin Organization of Iran\xe2\x80\x8c (#PMOI\\#MEK) is forbidden in #\xe2\x80\xa6""",Maryam Hejazi,mhejaz,Los Angeles,43,0
2018-09-08 08:32:14,"b'Sweet memories,  a special #cellar visit 2016 @henschkewine #HillofGrace #Shiraz #EdenValley #Australia #wine\xe2\x80\xa6 https://t.co/43FAD8Smnz'",Dave March CWM,DaveMarchCWM,"Strand, South Africa",0,0
2018-09-08 08:15:44,b'@schillermusic #Shiraz is missing you',ŸÖŸè⁄òGun,choldast,ÿ≤€åÿ± ŸæŸàÿ≥ÿ™ ÿ¥Ÿáÿ± ,0,1
2018-09-08 08:03:40,b'RT @NakedRunWines: Nice sunny Saturday to finish rod and spur pruning #Sevenhill #Shiraz #ClareValley it all begins again #V19 https://t.co\xe2\x80\xa6',simon crane,simoncrane1624,windsor UK,2,0
2018-09-08 07:27:46,b'So what does one do after a #girlsnightout - why you have late Friday night movie cuddles with this dude \xf0\x9f\x98\x9c\xf0\x9f\x92\x93 while d\xe2\x80\xa6 https://t.co/3mV2a8preR',Pounding Grapesüçáüç∑,PoundingGrapes,Niagara Wine Country üá®üá¶ü•Çüçæ,0,1
2018-09-08 07:09:04,b'Pasta practice #maxwellwines #ellenstreet #shiraz #mclarenvale @maxwellwines https://t.co/w31b5uzZMQ',Mitch Cairns,mitchcairnsbass,,0,0
2018-09-08 06:48:11,b'Looking for some recommendstions while you are in #shiraz ? There are several things to do and one of the most comm\xe2\x80\xa6 https://t.co/Ug3q7e02XO',Persia Traveling,MehdiGharib1,"Shiraz, Iran",0,0
2018-09-08 06:42:58,"b'RT @MonsoonValleyUK: Our #Shiraz is a dark ruby red along with violet hue which expresses classic varietal characters of dark plum, cherrie\xe2\x80\xa6'",Theresa Jane Alison,TheresaAlison1,"Wolverhampton, England",1,0
2018-09-08 06:33:55,"b'@StM_Angmering really enjoyed Women Together pub night. Perfect end to a busy week, also perfect because there was\xe2\x80\xa6 https://t.co/KZ5HKRUto0'",Zachary Merton Babe,ZacharyMertonB,,0,1
2018-09-08 06:32:15,b'RT @Dazza19762: So it\xe2\x80\x99s #shiraz night tonight. #friday #wineofchile\xf0\x9f\x87\xa8\xf0\x9f\x87\xb1 #wineofaustralia\xf0\x9f\x87\xa6\xf0\x9f\x87\xba \xf0\x9f\x8d\xb7 https://t.co/9EcdNBeE7T',SouthWalesWineScene,SWalesWineScene,"Wales, United Kingdom",1,0
2018-09-08 06:15:05,b'RT @Capture_Video: The magic of @DoolhofWines. What a privilege to shoot here. #cabernetsauvignon #cabernetfranc #petitverdot #malbec #merl\xe2\x80\xa6',The Pinotage Bot,PinotageBot,"Cape Town, South Africa",2,0
2018-09-08 06:02:38,b'RT @Capture_Video: The magic of @DoolhofWines. What a privilege to shoot here. #cabernetsauvignon #cabernetfranc #petitverdot #malbec #merl\xe2\x80\xa6',Doolhof Wine Estate,DoolhofWines,"Wellington, South Africa",2,0
2018-09-08 04:39:02,"b""RT @4freedominiran2: Iranian Resistance Units While the name of the People's Mojahedin Organization of Iran\xe2\x80\x8c (#PMOI\\#MEK) is forbidden in #\xe2\x80\xa6""",Mehdi Abedi,Rus05974864,Canada,43,0
2018-09-08 04:19:19,b'RT @NakedRunWines: Nice sunny Saturday to finish rod and spur pruning #Sevenhill #Shiraz #ClareValley it all begins again #V19 https://t.co\xe2\x80\xa6',PikesClareValley,PikesCV,Clare Valley South Australia,2,0
2018-09-08 03:57:07,b'Nice sunny Saturday to finish rod and spur pruning #Sevenhill #Shiraz #ClareValley it all begins again #V19 https://t.co/fCXRsuShT7',Naked Run Wines,NakedRunWines,Clare and Barossa,2,11
2018-09-08 03:17:06,"b'RT @afshineemrani: Blowing of the #shofar,  \n#RoshHashanah services in a synagogue in\n#Shiraz, #Iran, circa 1973. https://t.co/cdd5cGzVJg'",Navy Brat,Scottishwench69,Shangri-La,2,0
2018-09-08 02:52:05,b'@HuntingtonWines 2014 #MUDGEE #SHIRAZ-So great to see a 4 year old current release. Beautiful medium depth red- som\xe2\x80\xa6 https://t.co/IAiYrOrAnE',DAN TRAUCKI,dandawineman,ADELAIDE,0,0
2018-09-08 01:01:07,"b'#Shiraz is the city of Roses, Love, Poetry, beautiful charming gardens and magnificent architecture. #luxury #travel https://t.co/cTU2jpvGVR'",Hui Couture,HuiCouture,The World,0,0
2018-09-07 23:56:13,b'@penfolds 2003 #sthenri #shiraz this was well worth the wait. Bought this one in 2011 and kept us cellared in our\xe2\x80\xa6 https://t.co/5dsx0QsGFW',Michael Herridge,MichaelHerridg1,"Brisbane, Queensland",0,0
2018-09-07 22:31:13,"b'Blowing of the #shofar,  \n#RoshHashanah services in a synagogue in\n#Shiraz, #Iran, circa 1973. https://t.co/cdd5cGzVJg'",Afshine Emrani  MD FACC,afshineemrani,"Los Angeles, CA",2,10
2018-09-07 22:17:41,b'RT @EMSC: #Earthquake (#\xd8\xb2\xd9\x84\xd8\xb2\xd9\x84\xd9\x87) M3.5 strikes 46 km W of #Sh\xc4\xabr\xc4\x81z (#Iran) 13 min ago. More info: https://t.co/MXGYrel8wx',SHAMBER HELSING   üïé,ShamberHelsing,,3,0
2018-09-07 21:37:48,b'RT @EMSC: #Earthquake (#\xd8\xb2\xd9\x84\xd8\xb2\xd9\x84\xd9\x87) M3.5 strikes 46 km W of #Sh\xc4\xabr\xc4\x81z (#Iran) 13 min ago. More info: https://t.co/MXGYrel8wx',Able Archer,InfoSomniac2,Paradise Lost,3,0
2018-09-07 21:37:22,b'RT @EMSC: #Earthquake (#\xd8\xb2\xd9\x84\xd8\xb2\xd9\x84\xd9\x87) M3.5 strikes 46 km W of #Sh\xc4\xabr\xc4\x81z (#Iran) 13 min ago. More info: https://t.co/MXGYrel8wx',edith camacho,edyeowyn,,3,0
2018-09-07 21:37:01,b'#Earthquake (#\xd8\xb2\xd9\x84\xd8\xb2\xd9\x84\xd9\x87) M3.5 strikes 46 km W of #Sh\xc4\xabr\xc4\x81z (#Iran) 13 min ago. More info: https://t.co/MXGYrel8wx',AllQuakes - EMSC,EMSC,"Bruy√®res-Le-Chatel, France",3,0
2018-09-07 21:30:02,b'Happy #WineDownFriday! This week we are drinking Rogue Admirals Shiraz.\nBen-Good. Simple. Flavorful. Would drink ag\xe2\x80\xa6 https://t.co/JxlT9Xyaar',7055 Inc,7055Inc,"Iowa, USA",0,0
2018-09-07 21:00:11,b'RT @ManettiVino: Terra Barossa Shiraz-Cabernet-Petit Verdot \xe2\x80\x93 Bursting With Flavor https://t.co/XqT8MKtelb via @ReverseWineSnob #winelover\xe2\x80\xa6',linda,lc54,westport washington,3,0
2018-09-07 19:57:15,b'Holy moley what a stunning #shiraz from @cherubinowines  utterly delicious. My new favourite Aus Shiraz https://t.co/7vIxQpTPqd',Graeme Gladwinfield,GGladwinfield,,0,2
2018-09-07 19:13:16,b'Finally getting around to drinking #thepiece from @LongviewWinery 2014 #vintage! With @Ciararjk10! Thanks to\xe2\x80\xa6 https://t.co/6w20TpAp0O',Graham Kinsella,kinselgk,"Dublin City, Ireland",0,6
2018-09-07 19:03:43,b'Tonight I realised I am that person who\xe2\x80\x99s wine choice is red as I do not have the patience to wait for the white to\xe2\x80\xa6 https://t.co/60Cexualsi',lesley buchan,BuchanLesley,,0,1
2018-09-07 18:04:15,b'RT @ManettiVino: Terra Barossa Shiraz-Cabernet-Petit Verdot \xe2\x80\x93 Bursting With Flavor https://t.co/XqT8MKtelb via @ReverseWineSnob #winelover\xe2\x80\xa6',Kysela P√®re et Fils,kysela,"Winchester, VA",3,0
2018-09-07 18:00:45,b'Never disappoints \xf0\x9f\x91\x8d\xf0\x9f\x8f\xbc\xf0\x9f\x8d\xb7 @NorthamptonWine #rustymutt #shiraz #shoplocal https://t.co/0uQbCHUjQc',Jennifer Kralj,jennifer_kralj,,0,4
2018-09-07 17:24:56,b'Have you seen our latest  video?\n\nWine Writer @winepages Top Pick this week is Liberty #Fairtrade #Shiraz 2014 from\xe2\x80\xa6 https://t.co/b79wFGti7r',Rude Wines Ltd,RudeWines,"Ledbury, Herefordshire, UK",0,1
2018-09-07 17:23:18,b'RT @ShirazLb: Sleeping beauty \xf0\x9f\x8f\xb9\xe2\x98\x81\xef\xb8\x8f #shiraz #\xd8\xb4\xd9\x8a\xd8\xb1\xd8\xa7\xd8\xb2 #\xd8\xa3\xd8\xac\xd9\x85\xd9\x84_\xd9\x88\xd8\xa7\xd8\xad\xd8\xaf\xd8\xa9 #night https://t.co/L6QOC0Jexa',MohamedMabrouküáπüá≥üáπüá≥,Mohamed43928870,Tunisia üáπüá≥üáπüá≥,7,0
2018-09-07 17:00:24,"b'Our #Shiraz is a dark ruby red along with violet hue which expresses classic varietal characters of dark plum, cher\xe2\x80\xa6 https://t.co/ahmQ8rDe5F'",Monsoon Valley Wine,MonsoonValleyUK,United Kingdom,1,2
2018-09-07 15:51:46,"b""RT @IranDestination: There are many spiritual Ziarat (pilgrimage) locations in Iran. You don't really wanna miss them. Read about these pla\xe2\x80\xa6""",Kroraina Kroraimna,KuhaniKuvani,Hidden Islands,2,0
